-- MySQL Workbench Forward Engineering

SET @OLD_UNIQUE_CHECKS=@@UNIQUE_CHECKS, UNIQUE_CHECKS=0;
SET @OLD_FOREIGN_KEY_CHECKS=@@FOREIGN_KEY_CHECKS, FOREIGN_KEY_CHECKS=0;
SET @OLD_SQL_MODE=@@SQL_MODE, SQL_MODE='TRADITIONAL,ALLOW_INVALID_DATES';

-- -----------------------------------------------------
-- Schema sokoban
-- -----------------------------------------------------

-- -----------------------------------------------------
-- Schema sokoban
-- -----------------------------------------------------
CREATE SCHEMA IF NOT EXISTS `sokoban` DEFAULT CHARACTER SET utf8 COLLATE utf8_general_ci ;
USE `sokoban` ;

-- -----------------------------------------------------
-- Table `sokoban`.`speler`
-- -----------------------------------------------------
CREATE TABLE IF NOT EXISTS `sokoban`.`speler` (
  `gebruikersnaam` VARCHAR(45) NOT NULL,
  `wachtwoord` VARCHAR(45) NOT NULL,
  `isAdmin` TINYINT(1) NOT NULL DEFAULT 0,
  `naam` LONGTEXT NULL,
  `voornaam` LONGTEXT NULL,
  PRIMARY KEY (`gebruikersnaam`))
ENGINE = InnoDB;


-- -----------------------------------------------------
-- Table `sokoban`.`spel`
-- -----------------------------------------------------
CREATE TABLE IF NOT EXISTS `sokoban`.`spel` (
  `naam` VARCHAR(64) NOT NULL,
  PRIMARY KEY (`naam`))
ENGINE = InnoDB;


-- -----------------------------------------------------
-- Table `sokoban`.`spelbord`
-- -----------------------------------------------------
CREATE TABLE IF NOT EXISTS `sokoban`.`spelbord` (
  `level` INT NOT NULL,
  `spelNaam` VARCHAR(45) NOT NULL,
  PRIMARY KEY (`level`, `spelNaam`))
ENGINE = InnoDB;


-- -----------------------------------------------------
-- Table `sokoban`.`vak`
-- -----------------------------------------------------
CREATE TABLE IF NOT EXISTS `sokoban`.`vak` (
  `spelNaam` VARCHAR(45) NOT NULL,
  `level` INT NOT NULL,
  `y` INT NOT NULL,
  `x` INT NOT NULL,
  `soort` VARCHAR(45) NOT NULL,
  PRIMARY KEY (`spelNaam`, `x`, `y`, `level`))
ENGINE = InnoDB;


SET SQL_MODE=@OLD_SQL_MODE;
SET FOREIGN_KEY_CHECKS=@OLD_FOREIGN_KEY_CHECKS;
SET UNIQUE_CHECKS=@OLD_UNIQUE_CHECKS;

-- -----------------------------------------------------
-- Data for table `sokoban`.`speler`
-- -----------------------------------------------------
START TRANSACTION;
USE `sokoban`;
INSERT INTO `speler` VALUES ('AlexanderVanDamme','abcABC123',1,'',''),('GillesMontyne','abcABC123',0,'Montyne','Gilles'),('SvenDedeene','abcABC123',1,'Dedeene','Sven'),('ThomasCassaert','abcABC123',0,'','Thomas');

COMMIT;


-- -----------------------------------------------------
-- Data for table `sokoban`.`spel`
-- -----------------------------------------------------
START TRANSACTION;
USE `sokoban`;
INSERT INTO `spel` VALUES ('Hersenkrakend'),('Incremental');

COMMIT;


-- -----------------------------------------------------
-- Data for table `sokoban`.`spelbord`
-- -----------------------------------------------------
START TRANSACTION;
USE `sokoban`;
INSERT INTO `spelbord` VALUES (0,'Hersenkrakend'),(0,'Incremental'),(1,'Hersenkrakend'),(1,'Incremental'),(2,'Hersenkrakend'),(2,'Incremental'),(3,'Hersenkrakend'),(3,'Incremental'),(4,'Hersenkrakend');

COMMIT;


-- -----------------------------------------------------
-- Data for table `sokoban`.`vak`
-- -----------------------------------------------------
START TRANSACTION;
USE `sokoban`;
INSERT INTO `vak` VALUES ('Hersenkrakend',0,0,0,'muur'),('Hersenkrakend',1,0,0,'muur'),('Hersenkrakend',2,0,0,'muur'),('Hersenkrakend',3,0,0,'muur'),('Hersenkrakend',4,0,0,'muur'),('Hersenkrakend',0,1,0,'muur'),('Hersenkrakend',1,1,0,'muur'),('Hersenkrakend',2,1,0,'muur'),('Hersenkrakend',3,1,0,'muur'),('Hersenkrakend',4,1,0,'muur'),('Hersenkrakend',0,2,0,'muur'),('Hersenkrakend',1,2,0,'muur'),('Hersenkrakend',2,2,0,'muur'),('Hersenkrakend',3,2,0,'muur'),('Hersenkrakend',4,2,0,'muur'),('Hersenkrakend',0,3,0,'muur'),('Hersenkrakend',1,3,0,'muur'),('Hersenkrakend',2,3,0,'muur'),('Hersenkrakend',3,3,0,'muur'),('Hersenkrakend',4,3,0,'muur'),('Hersenkrakend',0,4,0,'muur'),('Hersenkrakend',1,4,0,'muur'),('Hersenkrakend',2,4,0,'muur'),('Hersenkrakend',3,4,0,'muur'),('Hersenkrakend',4,4,0,'muur'),('Hersenkrakend',0,5,0,'muur'),('Hersenkrakend',1,5,0,'muur'),('Hersenkrakend',2,5,0,'muur'),('Hersenkrakend',3,5,0,'muur'),('Hersenkrakend',4,5,0,'muur'),('Hersenkrakend',0,6,0,'muur'),('Hersenkrakend',1,6,0,'muur'),('Hersenkrakend',2,6,0,'muur'),('Hersenkrakend',3,6,0,'muur'),('Hersenkrakend',4,6,0,'muur'),('Hersenkrakend',0,7,0,'muur'),('Hersenkrakend',1,7,0,'muur'),('Hersenkrakend',2,7,0,'muur'),('Hersenkrakend',3,7,0,'muur'),('Hersenkrakend',4,7,0,'muur'),('Hersenkrakend',0,8,0,'muur'),('Hersenkrakend',1,8,0,'muur'),('Hersenkrakend',2,8,0,'muur'),('Hersenkrakend',3,8,0,'muur'),('Hersenkrakend',4,8,0,'muur'),('Hersenkrakend',0,9,0,'muur'),('Hersenkrakend',1,9,0,'muur'),('Hersenkrakend',2,9,0,'muur'),('Hersenkrakend',3,9,0,'muur'),('Hersenkrakend',4,9,0,'muur'),('Hersenkrakend',0,0,1,'muur'),('Hersenkrakend',1,0,1,'muur'),('Hersenkrakend',2,0,1,'muur'),('Hersenkrakend',3,0,1,'muur'),('Hersenkrakend',4,0,1,'muur'),('Hersenkrakend',0,1,1,'muur'),('Hersenkrakend',1,1,1,'muur'),('Hersenkrakend',2,1,1,'muur'),('Hersenkrakend',3,1,1,'muur'),('Hersenkrakend',4,1,1,'muur'),('Hersenkrakend',0,2,1,'muur'),('Hersenkrakend',1,2,1,'muur'),('Hersenkrakend',2,2,1,'doel'),('Hersenkrakend',3,2,1,'muur'),('Hersenkrakend',4,2,1,'muur'),('Hersenkrakend',0,3,1,'muur'),('Hersenkrakend',1,3,1,'muur'),('Hersenkrakend',2,3,1,'muur'),('Hersenkrakend',3,3,1,'muur'),('Hersenkrakend',4,3,1,'muur'),('Hersenkrakend',0,4,1,'muur'),('Hersenkrakend',1,4,1,'muur'),('Hersenkrakend',2,4,1,'doel'),('Hersenkrakend',3,4,1,'muur'),('Hersenkrakend',4,4,1,'muur'),('Hersenkrakend',0,5,1,'muur'),('Hersenkrakend',1,5,1,'muur'),('Hersenkrakend',2,5,1,'veld'),('Hersenkrakend',3,5,1,'muur'),('Hersenkrakend',4,5,1,'muur'),('Hersenkrakend',0,6,1,'muur'),('Hersenkrakend',1,6,1,'muur'),('Hersenkrakend',2,6,1,'kist'),('Hersenkrakend',3,6,1,'veld'),('Hersenkrakend',4,6,1,'muur'),('Hersenkrakend',0,7,1,'muur'),('Hersenkrakend',1,7,1,'muur'),('Hersenkrakend',2,7,1,'veld'),('Hersenkrakend',3,7,1,'veld'),('Hersenkrakend',4,7,1,'muur'),('Hersenkrakend',0,8,1,'muur'),('Hersenkrakend',1,8,1,'muur'),('Hersenkrakend',2,8,1,'muur'),('Hersenkrakend',3,8,1,'ventje'),('Hersenkrakend',4,8,1,'muur'),('Hersenkrakend',0,9,1,'muur'),('Hersenkrakend',1,9,1,'muur'),('Hersenkrakend',2,9,1,'muur'),('Hersenkrakend',3,9,1,'muur'),('Hersenkrakend',4,9,1,'muur'),('Hersenkrakend',0,0,2,'muur'),('Hersenkrakend',1,0,2,'muur'),('Hersenkrakend',2,0,2,'muur'),('Hersenkrakend',3,0,2,'muur'),('Hersenkrakend',4,0,2,'muur'),('Hersenkrakend',0,1,2,'muur'),('Hersenkrakend',1,1,2,'muur'),('Hersenkrakend',2,1,2,'muur'),('Hersenkrakend',3,1,2,'muur'),('Hersenkrakend',4,1,2,'muur'),('Hersenkrakend',0,2,2,'muur'),('Hersenkrakend',1,2,2,'veld'),('Hersenkrakend',2,2,2,'ventje'),('Hersenkrakend',3,2,2,'veld'),('Hersenkrakend',4,2,2,'muur'),('Hersenkrakend',0,3,2,'muur'),('Hersenkrakend',1,3,2,'veld'),('Hersenkrakend',2,3,2,'muur'),('Hersenkrakend',3,3,2,'veld'),('Hersenkrakend',4,3,2,'muur'),('Hersenkrakend',0,4,2,'muur'),('Hersenkrakend',1,4,2,'veld'),('Hersenkrakend',2,4,2,'muur'),('Hersenkrakend',3,4,2,'muur'),('Hersenkrakend',4,4,2,'muur'),('Hersenkrakend',0,5,2,'muur'),('Hersenkrakend',1,5,2,'veld'),('Hersenkrakend',2,5,2,'muur'),('Hersenkrakend',3,5,2,'muur'),('Hersenkrakend',4,5,2,'muur'),('Hersenkrakend',0,6,2,'muur'),('Hersenkrakend',1,6,2,'veld'),('Hersenkrakend',2,6,2,'veld'),('Hersenkrakend',3,6,2,'kist'),('Hersenkrakend',4,6,2,'muur'),('Hersenkrakend',0,7,2,'muur'),('Hersenkrakend',1,7,2,'muur'),('Hersenkrakend',2,7,2,'veld'),('Hersenkrakend',3,7,2,'kist'),('Hersenkrakend',4,7,2,'muur'),('Hersenkrakend',0,8,2,'muur'),('Hersenkrakend',1,8,2,'muur'),('Hersenkrakend',2,8,2,'muur'),('Hersenkrakend',3,8,2,'veld'),('Hersenkrakend',4,8,2,'muur'),('Hersenkrakend',0,9,2,'muur'),('Hersenkrakend',1,9,2,'muur'),('Hersenkrakend',2,9,2,'muur'),('Hersenkrakend',3,9,2,'muur'),('Hersenkrakend',4,9,2,'muur'),('Hersenkrakend',0,0,3,'muur'),('Hersenkrakend',1,0,3,'muur'),('Hersenkrakend',2,0,3,'muur'),('Hersenkrakend',3,0,3,'muur'),('Hersenkrakend',4,0,3,'muur'),('Hersenkrakend',0,1,3,'muur'),('Hersenkrakend',1,1,3,'muur'),('Hersenkrakend',2,1,3,'veld'),('Hersenkrakend',3,1,3,'muur'),('Hersenkrakend',4,1,3,'muur'),('Hersenkrakend',0,2,3,'muur'),('Hersenkrakend',1,2,3,'veld'),('Hersenkrakend',2,2,3,'kist'),('Hersenkrakend',3,2,3,'veld'),('Hersenkrakend',4,2,3,'muur'),('Hersenkrakend',0,3,3,'muur'),('Hersenkrakend',1,3,3,'muur'),('Hersenkrakend',2,3,3,'veld'),('Hersenkrakend',3,3,3,'veld'),('Hersenkrakend',4,3,3,'muur'),('Hersenkrakend',0,4,3,'doel'),('Hersenkrakend',1,4,3,'veld'),('Hersenkrakend',2,4,3,'muur'),('Hersenkrakend',3,4,3,'veld'),('Hersenkrakend',4,4,3,'veld'),('Hersenkrakend',0,5,3,'kist'),('Hersenkrakend',1,5,3,'muur'),('Hersenkrakend',2,5,3,'veld'),('Hersenkrakend',3,5,3,'veld'),('Hersenkrakend',4,5,3,'muur'),('Hersenkrakend',0,6,3,'veld'),('Hersenkrakend',1,6,3,'veld'),('Hersenkrakend',2,6,3,'doelkist'),('Hersenkrakend',3,6,3,'veld'),('Hersenkrakend',4,6,3,'muur'),('Hersenkrakend',0,7,3,'ventje'),('Hersenkrakend',1,7,3,'muur'),('Hersenkrakend',2,7,3,'veld'),('Hersenkrakend',3,7,3,'kist'),('Hersenkrakend',4,7,3,'doel'),('Hersenkrakend',0,8,3,'veld'),('Hersenkrakend',1,8,3,'muur'),('Hersenkrakend',2,8,3,'muur'),('Hersenkrakend',3,8,3,'veld'),('Hersenkrakend',4,8,3,'doel'),('Hersenkrakend',0,9,3,'muur'),('Hersenkrakend',1,9,3,'muur'),('Hersenkrakend',2,9,3,'muur'),('Hersenkrakend',3,9,3,'muur'),('Hersenkrakend',4,9,3,'muur'),('Hersenkrakend',0,0,4,'muur'),('Hersenkrakend',1,0,4,'muur'),('Hersenkrakend',2,0,4,'muur'),('Hersenkrakend',3,0,4,'muur'),('Hersenkrakend',4,0,4,'muur'),('Hersenkrakend',0,1,4,'muur'),('Hersenkrakend',1,1,4,'muur'),('Hersenkrakend',2,1,4,'veld'),('Hersenkrakend',3,1,4,'muur'),('Hersenkrakend',4,1,4,'muur'),('Hersenkrakend',0,2,4,'muur'),('Hersenkrakend',1,2,4,'veld'),('Hersenkrakend',2,2,4,'veld'),('Hersenkrakend',3,2,4,'veld'),('Hersenkrakend',4,2,4,'muur'),('Hersenkrakend',0,3,4,'doel'),('Hersenkrakend',1,3,4,'veld'),('Hersenkrakend',2,3,4,'kist'),('Hersenkrakend',3,3,4,'veld'),('Hersenkrakend',4,3,4,'veld'),('Hersenkrakend',0,4,4,'doel'),('Hersenkrakend',1,4,4,'veld'),('Hersenkrakend',2,4,4,'kist'),('Hersenkrakend',3,4,4,'veld'),('Hersenkrakend',4,4,4,'ventje'),('Hersenkrakend',0,5,4,'doel'),('Hersenkrakend',1,5,4,'veld'),('Hersenkrakend',2,5,4,'doel'),('Hersenkrakend',3,5,4,'muur'),('Hersenkrakend',4,5,4,'kist'),('Hersenkrakend',0,6,4,'kist'),('Hersenkrakend',1,6,4,'veld'),('Hersenkrakend',2,6,4,'kist'),('Hersenkrakend',3,6,4,'muur'),('Hersenkrakend',4,6,4,'veld'),('Hersenkrakend',0,7,4,'kist'),('Hersenkrakend',1,7,4,'muur'),('Hersenkrakend',2,7,4,'doel'),('Hersenkrakend',3,7,4,'muur'),('Hersenkrakend',4,7,4,'kist'),('Hersenkrakend',0,8,4,'veld'),('Hersenkrakend',1,8,4,'muur'),('Hersenkrakend',2,8,4,'muur'),('Hersenkrakend',3,8,4,'muur'),('Hersenkrakend',4,8,4,'doel'),('Hersenkrakend',0,9,4,'muur'),('Hersenkrakend',1,9,4,'muur'),('Hersenkrakend',2,9,4,'muur'),('Hersenkrakend',3,9,4,'muur'),
('Hersenkrakend',4,9,4,'muur'),('Hersenkrakend',0,0,5,'muur'),('Hersenkrakend',1,0,5,'muur'),('Hersenkrakend',2,0,5,'muur'),('Hersenkrakend',3,0,5,'muur'),('Hersenkrakend',4,0,5,'muur'),('Hersenkrakend',0,1,5,'muur'),('Hersenkrakend',1,1,5,'muur'),('Hersenkrakend',2,1,5,'veld'),('Hersenkrakend',3,1,5,'muur'),('Hersenkrakend',4,1,5,'muur'),('Hersenkrakend',0,2,5,'veld'),('Hersenkrakend',1,2,5,'muur'),('Hersenkrakend',2,2,5,'veld'),('Hersenkrakend',3,2,5,'muur'),('Hersenkrakend',4,2,5,'muur'),('Hersenkrakend',0,3,5,'kist'),('Hersenkrakend',1,3,5,'muur'),('Hersenkrakend',2,3,5,'doel'),('Hersenkrakend',3,3,5,'muur'),('Hersenkrakend',4,3,5,'veld'),('Hersenkrakend',0,4,5,'doel'),('Hersenkrakend',1,4,5,'veld'),('Hersenkrakend',2,4,5,'veld'),('Hersenkrakend',3,4,5,'veld'),('Hersenkrakend',4,4,5,'kist'),('Hersenkrakend',0,5,5,'kist'),('Hersenkrakend',1,5,5,'muur'),('Hersenkrakend',2,5,5,'veld'),('Hersenkrakend',3,5,5,'muur'),('Hersenkrakend',4,5,5,'veld'),('Hersenkrakend',0,6,5,'veld'),('Hersenkrakend',1,6,5,'muur'),('Hersenkrakend',2,6,5,'kist'),('Hersenkrakend',3,6,5,'muur'),('Hersenkrakend',4,6,5,'kist'),('Hersenkrakend',0,7,5,'muur'),('Hersenkrakend',1,7,5,'muur'),('Hersenkrakend',2,7,5,'veld'),('Hersenkrakend',3,7,5,'muur'),('Hersenkrakend',4,7,5,'veld'),('Hersenkrakend',0,8,5,'muur'),('Hersenkrakend',1,8,5,'muur'),('Hersenkrakend',2,8,5,'muur'),('Hersenkrakend',3,8,5,'muur'),('Hersenkrakend',4,8,5,'veld'),('Hersenkrakend',0,9,5,'muur'),('Hersenkrakend',1,9,5,'muur'),('Hersenkrakend',2,9,5,'muur'),('Hersenkrakend',3,9,5,'muur'),('Hersenkrakend',4,9,5,'muur'),('Hersenkrakend',0,0,6,'muur'),('Hersenkrakend',1,0,6,'muur'),('Hersenkrakend',2,0,6,'muur'),('Hersenkrakend',3,0,6,'muur'),('Hersenkrakend',4,0,6,'muur'),('Hersenkrakend',0,1,6,'muur'),('Hersenkrakend',1,1,6,'muur'),('Hersenkrakend',2,1,6,'muur'),('Hersenkrakend',3,1,6,'muur'),('Hersenkrakend',4,1,6,'muur'),('Hersenkrakend',0,2,6,'muur'),('Hersenkrakend',1,2,6,'veld'),('Hersenkrakend',2,2,6,'muur'),('Hersenkrakend',3,2,6,'muur'),('Hersenkrakend',4,2,6,'muur'),('Hersenkrakend',0,3,6,'veld'),('Hersenkrakend',1,3,6,'kist'),('Hersenkrakend',2,3,6,'muur'),('Hersenkrakend',3,3,6,'veld'),('Hersenkrakend',4,3,6,'muur'),('Hersenkrakend',0,4,6,'veld'),('Hersenkrakend',1,4,6,'kist'),('Hersenkrakend',2,4,6,'muur'),('Hersenkrakend',3,4,6,'veld'),('Hersenkrakend',4,4,6,'muur'),('Hersenkrakend',0,5,6,'veld'),('Hersenkrakend',1,5,6,'kist'),('Hersenkrakend',2,5,6,'muur'),('Hersenkrakend',3,5,6,'muur'),('Hersenkrakend',4,5,6,'muur'),('Hersenkrakend',0,6,6,'veld'),('Hersenkrakend',1,6,6,'veld'),('Hersenkrakend',2,6,6,'doel'),('Hersenkrakend',3,6,6,'muur'),('Hersenkrakend',4,6,6,'veld'),('Hersenkrakend',0,7,6,'muur'),('Hersenkrakend',1,7,6,'ventje'),('Hersenkrakend',2,7,6,'veld'),('Hersenkrakend',3,7,6,'muur'),('Hersenkrakend',4,7,6,'veld'),('Hersenkrakend',0,8,6,'muur'),('Hersenkrakend',1,8,6,'muur'),('Hersenkrakend',2,8,6,'muur'),('Hersenkrakend',3,8,6,'muur'),('Hersenkrakend',4,8,6,'doel'),('Hersenkrakend',0,9,6,'muur'),('Hersenkrakend',1,9,6,'muur'),('Hersenkrakend',2,9,6,'muur'),('Hersenkrakend',3,9,6,'muur'),('Hersenkrakend',4,9,6,'muur'),('Hersenkrakend',0,0,7,'muur'),('Hersenkrakend',1,0,7,'muur'),('Hersenkrakend',2,0,7,'muur'),('Hersenkrakend',3,0,7,'muur'),('Hersenkrakend',4,0,7,'muur'),('Hersenkrakend',0,1,7,'muur'),('Hersenkrakend',1,1,7,'muur'),('Hersenkrakend',2,1,7,'muur'),('Hersenkrakend',3,1,7,'muur'),('Hersenkrakend',4,1,7,'muur'),('Hersenkrakend',0,2,7,'muur'),('Hersenkrakend',1,2,7,'veld'),('Hersenkrakend',2,2,7,'muur'),('Hersenkrakend',3,2,7,'muur'),('Hersenkrakend',4,2,7,'muur'),('Hersenkrakend',0,3,7,'muur'),('Hersenkrakend',1,3,7,'doel'),('Hersenkrakend',2,3,7,'muur'),('Hersenkrakend',3,3,7,'veld'),('Hersenkrakend',4,3,7,'muur'),('Hersenkrakend',0,4,7,'muur'),('Hersenkrakend',1,4,7,'doel'),('Hersenkrakend',2,4,7,'muur'),('Hersenkrakend',3,4,7,'doel'),('Hersenkrakend',4,4,7,'muur'),('Hersenkrakend',0,5,7,'veld'),('Hersenkrakend',1,5,7,'doel'),('Hersenkrakend',2,5,7,'muur'),('Hersenkrakend',3,5,7,'doel'),('Hersenkrakend',4,5,7,'muur'),('Hersenkrakend',0,6,7,'muur'),('Hersenkrakend',1,6,7,'veld'),('Hersenkrakend',2,6,7,'muur'),('Hersenkrakend',3,6,7,'doel'),('Hersenkrakend',4,6,7,'muur'),('Hersenkrakend',0,7,7,'muur'),('Hersenkrakend',1,7,7,'veld'),('Hersenkrakend',2,7,7,'muur'),('Hersenkrakend',3,7,7,'muur'),('Hersenkrakend',4,7,7,'muur'),('Hersenkrakend',0,8,7,'muur'),('Hersenkrakend',1,8,7,'muur'),('Hersenkrakend',2,8,7,'muur'),('Hersenkrakend',3,8,7,'muur'),('Hersenkrakend',4,8,7,'muur'),('Hersenkrakend',0,9,7,'muur'),('Hersenkrakend',1,9,7,'muur'),('Hersenkrakend',2,9,7,'muur'),('Hersenkrakend',3,9,7,'muur'),('Hersenkrakend',4,9,7,'muur'),('Hersenkrakend',0,0,8,'muur'),('Hersenkrakend',1,0,8,'muur'),('Hersenkrakend',2,0,8,'muur'),('Hersenkrakend',3,0,8,'muur'),('Hersenkrakend',4,0,8,'muur'),('Hersenkrakend',0,1,8,'muur'),('Hersenkrakend',1,1,8,'muur'),('Hersenkrakend',2,1,8,'muur'),('Hersenkrakend',3,1,8,'muur'),('Hersenkrakend',4,1,8,'muur'),('Hersenkrakend',0,2,8,'muur'),('Hersenkrakend',1,2,8,'muur'),('Hersenkrakend',2,2,8,'muur'),('Hersenkrakend',3,2,8,'muur'),('Hersenkrakend',4,2,8,'muur'),('Hersenkrakend',0,3,8,'muur'),('Hersenkrakend',1,3,8,'muur'),('Hersenkrakend',2,3,8,'muur'),('Hersenkrakend',3,3,8,'muur'),('Hersenkrakend',4,3,8,'muur'),('Hersenkrakend',0,4,8,'muur'),('Hersenkrakend',1,4,8,'muur'),('Hersenkrakend',2,4,8,'muur'),('Hersenkrakend',3,4,8,'muur'),('Hersenkrakend',4,4,8,'muur'),('Hersenkrakend',0,5,8,'muur'),('Hersenkrakend',1,5,8,'muur'),('Hersenkrakend',2,5,8,'muur'),('Hersenkrakend',3,5,8,'muur'),('Hersenkrakend',4,5,8,'muur'),('Hersenkrakend',0,6,8,'muur'),('Hersenkrakend',1,6,8,'muur'),('Hersenkrakend',2,6,8,'muur'),('Hersenkrakend',3,6,8,'muur'),('Hersenkrakend',4,6,8,'muur'),('Hersenkrakend',0,7,8,'muur'),('Hersenkrakend',1,7,8,'muur'),('Hersenkrakend',2,7,8,'muur'),('Hersenkrakend',3,7,8,'muur'),('Hersenkrakend',4,7,8,'muur'),('Hersenkrakend',0,8,8,'muur'),('Hersenkrakend',1,8,8,'muur'),('Hersenkrakend',2,8,8,'muur'),('Hersenkrakend',3,8,8,'muur'),('Hersenkrakend',4,8,8,'muur'),('Hersenkrakend',0,9,8,'muur'),('Hersenkrakend',1,9,8,'muur'),('Hersenkrakend',2,9,8,'muur'),('Hersenkrakend',3,9,8,'muur'),('Hersenkrakend',4,9,8,'muur'),('Hersenkrakend',0,0,9,'muur'),('Hersenkrakend',1,0,9,'muur'),('Hersenkrakend',2,0,9,'muur'),('Hersenkrakend',3,0,9,'muur'),('Hersenkrakend',4,0,9,'muur'),('Hersenkrakend',0,1,9,'muur'),('Hersenkrakend',1,1,9,'muur'),('Hersenkrakend',2,1,9,'muur'),('Hersenkrakend',3,1,9,'muur'),('Hersenkrakend',4,1,9,'muur'),('Hersenkrakend',0,2,9,'muur'),('Hersenkrakend',1,2,9,'muur'),('Hersenkrakend',2,2,9,'muur'),('Hersenkrakend',3,2,9,'muur'),('Hersenkrakend',4,2,9,'muur'),('Hersenkrakend',0,3,9,'muur'),('Hersenkrakend',1,3,9,'muur'),('Hersenkrakend',2,3,9,'muur'),('Hersenkrakend',3,3,9,'muur'),('Hersenkrakend',4,3,9,'muur'),('Hersenkrakend',0,4,9,'muur'),('Hersenkrakend',1,4,9,'muur'),('Hersenkrakend',2,4,9,'muur'),('Hersenkrakend',3,4,9,'muur'),('Hersenkrakend',4,4,9,'muur'),('Hersenkrakend',0,5,9,'muur'),('Hersenkrakend',1,5,9,'muur'),('Hersenkrakend',2,5,9,'muur'),('Hersenkrakend',3,5,9,'muur'),('Hersenkrakend',4,5,9,'muur'),('Hersenkrakend',0,6,9,'muur'),('Hersenkrakend',1,6,9,'muur'),('Hersenkrakend',2,6,9,'muur'),('Hersenkrakend',3,6,9,'muur'),('Hersenkrakend',4,6,9,'muur'),('Hersenkrakend',0,7,9,'muur'),('Hersenkrakend',1,7,9,'muur'),('Hersenkrakend',2,7,9,'muur'),('Hersenkrakend',3,7,9,'muur'),('Hersenkrakend',4,7,9,'muur'),('Hersenkrakend',0,8,9,'muur'),('Hersenkrakend',1,8,9,'muur'),('Hersenkrakend',2,8,9,'muur'),('Hersenkrakend',3,8,9,'muur'),('Hersenkrakend',4,8,9,'muur'),('Hersenkrakend',0,9,9,'muur'),('Hersenkrakend',1,9,9,'muur'),('Hersenkrakend',2,9,9,'muur'),('Hersenkrakend',3,9,9,'muur'),
('Hersenkrakend',4,9,9,'muur'),('Incremental',0,0,0,'muur'),('Incremental',1,0,0,'muur'),('Incremental',2,0,0,'muur'),('Incremental',3,0,0,'muur'),('Incremental',0,1,0,'muur'),('Incremental',1,1,0,'muur'),('Incremental',2,1,0,'muur'),('Incremental',3,1,0,'muur'),('Incremental',0,2,0,'muur'),('Incremental',1,2,0,'muur'),('Incremental',2,2,0,'muur'),('Incremental',3,2,0,'muur'),('Incremental',0,3,0,'muur'),('Incremental',1,3,0,'muur'),('Incremental',2,3,0,'muur'),('Incremental',3,3,0,'muur'),
('Incremental',0,4,0,'muur'),('Incremental',1,4,0,'muur'),('Incremental',2,4,0,'muur'),('Incremental',3,4,0,'muur'),('Incremental',0,5,0,'muur'),('Incremental',1,5,0,'muur'),('Incremental',2,5,0,'muur'),('Incremental',3,5,0,'muur'),('Incremental',0,6,0,'muur'),('Incremental',1,6,0,'muur'),('Incremental',2,6,0,'muur'),('Incremental',3,6,0,'muur'),('Incremental',0,7,0,'muur'),('Incremental',1,7,0,'muur'),('Incremental',2,7,0,'muur'),('Incremental',3,7,0,'muur'),('Incremental',0,8,0,'muur'),('Incremental',1,8,0,'muur'),('Incremental',2,8,0,'muur'),('Incremental',3,8,0,'muur'),('Incremental',0,9,0,'muur'),('Incremental',1,9,0,'muur'),('Incremental',2,9,0,'muur'),('Incremental',3,9,0,'muur'),('Incremental',0,0,1,'muur'),('Incremental',1,0,1,'muur'),('Incremental',2,0,1,'muur'),('Incremental',3,0,1,'muur'),('Incremental',0,1,1,'muur'),('Incremental',1,1,1,'veld'),('Incremental',2,1,1,'muur'),('Incremental',3,1,1,'muur'),('Incremental',0,2,1,'muur'),('Incremental',1,2,1,'veld'),('Incremental',2,2,1,'muur'),('Incremental',3,2,1,'muur'),('Incremental',0,3,1,'veld'),('Incremental',1,3,1,'muur'),('Incremental',2,3,1,'muur'),('Incremental',3,3,1,'muur'),('Incremental',0,4,1,'veld'),('Incremental',1,4,1,'muur'),('Incremental',2,4,1,'muur'),('Incremental',3,4,1,'muur'),('Incremental',0,5,1,'veld'),('Incremental',1,5,1,'muur'),
('Incremental',2,5,1,'muur'),('Incremental',3,5,1,'muur'),('Incremental',0,6,1,'veld'),('Incremental',1,6,1,'muur'),('Incremental',2,6,1,'muur'),('Incremental',3,6,1,'muur'),('Incremental',0,7,1,'muur'),('Incremental',1,7,1,'muur'),('Incremental',2,7,1,'muur'),('Incremental',3,7,1,'muur'),('Incremental',0,8,1,'muur'),('Incremental',1,8,1,'muur'),('Incremental',2,8,1,'muur'),('Incremental',3,8,1,'muur'),('Incremental',0,9,1,'muur'),('Incremental',1,9,1,'muur'),('Incremental',2,9,1,'muur'),('Incremental',3,9,1,'muur'),('Incremental',0,0,2,'muur'),('Incremental',1,0,2,'muur'),('Incremental',2,0,2,'muur'),('Incremental',3,0,2,'muur'),('Incremental',0,1,2,'muur'),('Incremental',1,1,2,'ventje'),('Incremental',2,1,2,'muur'),('Incremental',3,1,2,'muur'),('Incremental',0,2,2,'veld'),('Incremental',1,2,2,'veld'),('Incremental',2,2,2,'muur'),('Incremental',3,2,2,'muur'),('Incremental',0,3,2,'veld'),('Incremental',1,3,2,'muur'),('Incremental',2,3,2,'muur'),('Incremental',3,3,2,'muur'),('Incremental',0,4,2,'ventje'),('Incremental',1,4,2,'muur'),('Incremental',2,4,2,'muur'),('Incremental',3,4,2,'muur'),('Incremental',0,5,2,'veld'),('Incremental',1,5,2,'muur'),('Incremental',2,5,2,'muur'),('Incremental',3,5,2,'muur'),('Incremental',0,6,2,'veld'),('Incremental',1,6,2,'muur'),('Incremental',2,6,2,'muur'),('Incremental',3,6,2,'doel'),('Incremental',0,7,2,'muur'),('Incremental',1,7,2,'muur'),('Incremental',2,7,2,'muur'),('Incremental',3,7,2,'muur'),('Incremental',0,8,2,'muur'),('Incremental',1,8,2,'muur'),('Incremental',2,8,2,'muur'),('Incremental',3,8,2,'muur'),('Incremental',0,9,2,'muur'),('Incremental',1,9,2,'muur'),('Incremental',2,9,2,'muur'),('Incremental',3,9,2,'muur'),('Incremental',0,0,3,'muur'),('Incremental',1,0,3,'muur'),('Incremental',2,0,3,'muur'),('Incremental',3,0,3,'muur'),('Incremental',0,1,3,'muur'),('Incremental',1,1,3,'veld'),('Incremental',2,1,3,'muur'),('Incremental',3,1,3,'muur'),('Incremental',0,2,3,'veld'),('Incremental',1,2,3,'veld'),('Incremental',2,2,3,'muur'),('Incremental',3,2,3,'muur'),('Incremental',0,3,3,'veld'),('Incremental',1,3,3,'kist'),('Incremental',2,3,3,'ventje'),('Incremental',3,3,3,'muur'),('Incremental',0,4,3,'veld'),('Incremental',1,4,3,'veld'),('Incremental',2,4,3,'kist'),('Incremental',3,4,3,'muur'),('Incremental',0,5,3,'veld'),
('Incremental',1,5,3,'veld'),('Incremental',2,5,3,'veld'),('Incremental',3,5,3,'veld'),('Incremental',0,6,3,'veld'),('Incremental',1,6,3,'doel'),('Incremental',2,6,3,'veld'),('Incremental',3,6,3,'ventje'),('Incremental',0,7,3,'muur'),('Incremental',1,7,3,'muur'),('Incremental',2,7,3,'veld'),('Incremental',3,7,3,'muur'),('Incremental',0,8,3,'muur'),('Incremental',1,8,3,'muur'),('Incremental',2,8,3,'doel'),('Incremental',3,8,3,'muur'),('Incremental',0,9,3,'muur'),('Incremental',1,9,3,'muur'),('Incremental',2,9,3,'muur'),('Incremental',3,9,3,'muur'),('Incremental',0,0,4,'muur'),('Incremental',1,0,4,'muur'),('Incremental',2,0,4,'muur'),('Incremental',3,0,4,'muur'),('Incremental',0,1,4,'muur'),('Incremental',1,1,4,'veld'),('Incremental',2,1,4,'muur'),('Incremental',3,1,4,'muur'),('Incremental',0,2,4,'veld'),('Incremental',1,2,4,'veld'),('Incremental',2,2,4,'muur'),('Incremental',3,2,4,'veld'),('Incremental',0,3,4,'veld'),('Incremental',1,3,4,'muur'),('Incremental',2,3,4,'muur'),('Incremental',3,3,4,'veld'),('Incremental',0,4,4,'kist'),('Incremental',1,4,4,'muur'),('Incremental',2,4,4,'veld'),('Incremental',3,4,4,'veld'),('Incremental',0,5,4,'veld'),('Incremental',1,5,4,'muur'),('Incremental',2,5,4,'veld'),('Incremental',3,5,4,'veld'),('Incremental',0,6,4,'veld'),('Incremental',1,6,4,'muur'),('Incremental',2,6,4,'veld'),('Incremental',3,6,4,'veld'),('Incremental',0,7,4,'muur'),('Incremental',1,7,4,'muur'),('Incremental',2,7,4,'muur'),('Incremental',3,7,4,'muur'),('Incremental',0,8,4,'muur'),('Incremental',1,8,4,'muur'),('Incremental',2,8,4,'veld'),('Incremental',3,8,4,'muur'),('Incremental',0,9,4,'muur'),('Incremental',1,9,4,'muur'),('Incremental',2,9,4,'muur'),('Incremental',3,9,4,'muur'),('Incremental',0,0,5,'muur'),('Incremental',1,0,5,'muur'),('Incremental',2,0,5,'muur'),('Incremental',3,0,5,'muur'),('Incremental',0,1,5,'muur'),('Incremental',1,1,5,'veld'),('Incremental',2,1,5,'muur'),('Incremental',3,1,5,'muur'),('Incremental',0,2,5,'veld'),('Incremental',1,2,5,'veld'),('Incremental',2,2,5,'muur'),('Incremental',3,2,5,'doel'),('Incremental',0,3,5,'veld'),('Incremental',1,3,5,'muur'),('Incremental',2,3,5,'muur'),('Incremental',3,3,5,'doel'),('Incremental',0,4,5,'veld'),('Incremental',1,4,5,'muur'),('Incremental',2,4,5,'veld'),('Incremental',3,4,5,'kist'),('Incremental',0,5,5,'veld'),('Incremental',1,5,5,'muur'),('Incremental',2,5,5,'veld'),('Incremental',3,5,5,'kist'),('Incremental',0,6,5,'veld'),('Incremental',1,6,5,'muur'),('Incremental',2,6,5,'veld'),('Incremental',3,6,5,'kist'),('Incremental',0,7,5,'muur'),('Incremental',1,7,5,'muur'),('Incremental',2,7,5,'veld'),('Incremental',3,7,5,'muur'),('Incremental',0,8,5,'muur'),('Incremental',1,8,5,'muur'),('Incremental',2,8,5,'veld'),('Incremental',3,8,5,'muur'),('Incremental',0,9,5,'muur'),('Incremental',1,9,5,'muur'),('Incremental',2,9,5,'muur'),('Incremental',3,9,5,'muur'),('Incremental',0,0,6,'muur'),('Incremental',1,0,6,'muur'),('Incremental',2,0,6,'muur'),('Incremental',3,0,6,'muur'),('Incremental',0,1,6,'muur'),('Incremental',1,1,6,'veld'),('Incremental',2,1,6,'muur'),('Incremental',3,1,6,'muur'),('Incremental',0,2,6,'veld'),('Incremental',1,2,6,'veld'),('Incremental',2,2,6,'muur'),('Incremental',3,2,6,'veld'),('Incremental',0,3,6,'veld'),('Incremental',1,3,6,'veld'),('Incremental',2,3,6,'veld'),('Incremental',3,3,6,'veld'),('Incremental',0,4,6,'veld'),('Incremental',1,4,6,'kist'),('Incremental',2,4,6,'veld'),('Incremental',3,4,6,'veld'),('Incremental',0,5,6,'veld'),('Incremental',1,5,6,'doel'),('Incremental',2,5,6,'veld'),('Incremental',3,5,6,'veld'),('Incremental',0,6,6,'veld'),('Incremental',1,6,6,'muur'),('Incremental',2,6,6,'kist'),('Incremental',3,6,6,'veld'),('Incremental',0,7,6,'muur'),('Incremental',1,7,6,'muur'),('Incremental',2,7,6,'muur'),('Incremental',3,7,6,'muur'),('Incremental',0,8,6,'muur'),('Incremental',1,8,6,'muur'),('Incremental',2,8,6,'doel'),('Incremental',3,8,6,'muur'),('Incremental',0,9,6,'muur'),('Incremental',1,9,6,'muur'),('Incremental',2,9,6,'muur'),('Incremental',3,9,6,'muur'),('Incremental',0,0,7,'muur'),('Incremental',1,0,7,'muur'),('Incremental',2,0,7,'muur'),('Incremental',3,0,7,'muur'),('Incremental',0,1,7,'muur'),('Incremental',1,1,7,'veld'),('Incremental',2,1,7,'muur'),('Incremental',3,1,7,'muur'),('Incremental',0,2,7,'veld'),('Incremental',1,2,7,'veld'),('Incremental',2,2,7,'muur'),('Incremental',3,2,7,'muur'),('Incremental',0,3,7,'veld'),('Incremental',1,3,7,'muur'),('Incremental',2,3,7,'muur'),('Incremental',3,3,7,'muur'),('Incremental',0,4,7,'doel'),('Incremental',1,4,7,'muur'),('Incremental',2,4,7,'muur'),('Incremental',3,4,7,'veld'),('Incremental',0,5,7,'veld'),('Incremental',1,5,7,'muur'),('Incremental',2,5,7,'veld'),('Incremental',3,5,7,'veld'),('Incremental',0,6,7,'veld'),('Incremental',1,6,7,'muur'),('Incremental',2,6,7,'veld'),('Incremental',3,6,7,'muur'),('Incremental',0,7,7,'muur'),('Incremental',1,7,7,'muur'),('Incremental',2,7,7,'muur'),('Incremental',3,7,7,'muur'),('Incremental',0,8,7,'muur'),('Incremental',1,8,7,'muur'),('Incremental',2,8,7,'muur'),('Incremental',3,8,7,'muur'),('Incremental',0,9,7,'muur'),('Incremental',1,9,7,'muur'),('Incremental',2,9,7,'muur'),('Incremental',3,9,7,'muur'),('Incremental',0,0,8,'muur'),('Incremental',1,0,8,'muur'),('Incremental',2,0,8,'muur'),('Incremental',3,0,8,'muur'),('Incremental',0,1,8,'muur'),('Incremental',1,1,8,'veld'),('Incremental',2,1,8,'muur'),('Incremental',3,1,8,'muur'),('Incremental',0,2,8,'veld'),('Incremental',1,2,8,'veld'),('Incremental',2,2,8,'muur'),('Incremental',3,2,8,'muur'),('Incremental',0,3,8,'veld'),('Incremental',1,3,8,'muur'),('Incremental',2,3,8,'muur'),('Incremental',3,3,8,'muur'),('Incremental',0,4,8,'veld'),('Incremental',1,4,8,'muur'),('Incremental',2,4,8,'muur'),('Incremental',3,4,8,'muur'),('Incremental',0,5,8,'veld'),('Incremental',1,5,8,'muur'),('Incremental',2,5,8,'muur'),('Incremental',3,5,8,'muur'),('Incremental',0,6,8,'veld'),('Incremental',1,6,8,'muur'),('Incremental',2,6,8,'muur'),('Incremental',3,6,8,'muur'),('Incremental',0,7,8,'muur'),('Incremental',1,7,8,'muur'),('Incremental',2,7,8,'muur'),('Incremental',3,7,8,'muur'),('Incremental',0,8,8,'muur'),('Incremental',1,8,8,'muur'),('Incremental',2,8,8,'muur'),('Incremental',3,8,8,'muur'),('Incremental',0,9,8,'muur'),('Incremental',1,9,8,'muur'),('Incremental',2,9,8,'muur'),('Incremental',3,9,8,'muur'),('Incremental',0,0,9,'muur'),('Incremental',1,0,9,'muur'),('Incremental',2,0,9,'muur'),('Incremental',3,0,9,'muur'),('Incremental',0,1,9,'muur'),('Incremental',1,1,9,'muur'),('Incremental',2,1,9,'muur'),('Incremental',3,1,9,'muur'),('Incremental',0,2,9,'muur'),('Incremental',1,2,9,'muur'),('Incremental',2,2,9,'muur'),('Incremental',3,2,9,'muur'),('Incremental',0,3,9,'muur'),('Incremental',1,3,9,'muur'),('Incremental',2,3,9,'muur'),('Incremental',3,3,9,'muur'),('Incremental',0,4,9,'muur'),('Incremental',1,4,9,'muur'),('Incremental',2,4,9,'muur'),('Incremental',3,4,9,'muur'),('Incremental',0,5,9,'muur'),('Incremental',1,5,9,'muur'),('Incremental',2,5,9,'muur'),('Incremental',3,5,9,'muur'),('Incremental',0,6,9,'muur'),('Incremental',1,6,9,'muur'),('Incremental',2,6,9,'muur'),('Incremental',3,6,9,'muur'),('Incremental',0,7,9,'muur'),('Incremental',1,7,9,'muur'),('Incremental',2,7,9,'muur'),('Incremental',3,7,9,'muur'),('Incremental',0,8,9,'muur'),('Incremental',1,8,9,'muur'),('Incremental',2,8,9,'muur'),('Incremental',3,8,9,'muur'),('Incremental',0,9,9,'muur'),('Incremental',1,9,9,'muur'),('Incremental',2,9,9,'muur'),('Incremental',3,9,9,'muur');

COMMIT;

